id;adi;soyadi;dahili;cep;aciklama
1;innovate Liberian Communications;calculating;magenta;client-server Home Functionality;drive Croatian experiences
2;optimizing real-time Functionality;Internal Accounts Account;Communications;connecting pixel hack;Avon Ball strategize
3;IB;Ergonomic;reboot real-time functionalities;Security 24/7;deposit fresh-thinking
4;AI neutral Cambridgeshire;Branding connecting;Chicken;interface;algorithm Cambridgeshire
5;indexing Cheese;repurpose;application;New Andorra Dirham;connecting set
6;National;Haiti Account;infrastructure;Granite sensor vertical;Nepal Delaware extranet
7;Berkshire Awesome multi-byte;iterate interface;Berkshire;Concrete;Assimilated quantify Total
8;Rustic;Books;Gorgeous teal Cotton;invoice connect withdrawal;Product Handmade
9;Facilitator national;Minnesota multi-byte;Coordinator Metrics;Awesome calculate Pizza;infomediaries Cotton
10;Soft open-source Fish;withdrawal navigating;parse installation;Branding optimize Plastic;bandwidth-monitored Canyon
